tema;data;link;duration;tags
Introdução a observabilidade com OpenTelemetry | Live de Python #261;20240311;http://youtu.be/9mifCIFhtIQ;8315;Python, dunossauro, live de python, Opentelemetry, FastAPI, Sqlalchemy, grafana, tempo, observabilidade, jeager, loki, Prometheus
Criando desenhos com py5: programação criativa com @AlexandreVillares |  Live de Python #260;20240305;http://youtu.be/dAnIWmJ-2NI;7466;Python, dunossauro, live de python, Programação criativa, py5, processing
FastUI: Server-Driven User Interface com Pydantic e FastAPI | Live de Python #259;20240226;http://youtu.be/5gpLQa_N2iA;8561;Python, dunossauro, live de python, FastUI, Pydantic, FastAPI, Web, Backend, Frontend
SQLAlchemy: conceitos básicos, uma introdução a versão 2 | Live de Python #258;20240219;http://youtu.be/t4C1c62Z4Ag;8470;Python, dunossauro, live de python, pip, poetry, hatch, pdm, setuptools, rye, pyproject, pyproject.toml, build-system, pypi
Entendendo o arquivo pyproject.toml | Live de Python #257;20240212;http://youtu.be/6p1HKaHrk0Y;7930;Python, dunossauro, live de python, pip, poetry, hatch, pdm, setuptools, rye, pyproject, pyproject.toml, build-system, pypi
Monitorando spiders de Scrapy com Spidermon com Renne Rocha | Live de Python #256;20240206;http://youtu.be/feRJ9rGH-zc;7612;Python, dunossauro, live de python, raspagem de dados, scrapy, monitoramento, spidermon, web scrapping
Memento - Padrões de Projeto #7 | Live de Python #255;20240129;http://youtu.be/96V1IuEYKxY;6930;Python, dunossauro, live de python, Padrões de projeto, Memento, Undo, redo, rollback, checkpoint
FastAPI e Identidade com @jesstemporal  | Live de Python #254;20240123;http://youtu.be/DeVCIU1JERc;12150;Python, dunossauro, live de python, FastAPI, Auth0, Jessica, Temporal, Login, Credenciais, Identidade
Pergunte o que quiser sobre Python | Live de Python #253;20240115;http://youtu.be/77gO89ywTQQ;7530;Python, dunossauro, live de python
Retrospectiva 2023 |  Live de Python;20240109;http://youtu.be/z6T2bIy78F4;4790;Python, dunossauro, live de python
Funções em Python parte 3 - Funções como objetos, composição de funções e classe função | Live #252;20231218;http://youtu.be/jTdYBT67YCU;7230;Python, dunossauro, função, funções, parâmetros, argumentos, parâmetros nomeados, Posicionais, nomeados, anotação de tipos, subprogramas, geradores
Funções em Python parte 2 - Geradores, Corrotinas e Objetos| Live #251;20231207;http://youtu.be/BzrmzgSxDaY;7385;Python, dunossauro, função, funções, parâmetros, argumentos, parâmetros nomeados, Posicionais, nomeados, anotação de tipos, subprogramas, geradores
Funções em Python | Live #250;20231122;http://youtu.be/0yXPQZvlgrk;7160;Python, dunossauro, função, funções, parâmetros, argumentos, parâmetros nomeados, Posicionais, nomeados, anotação de tipos, subprogramas, geradores
Me pergunte o que quiser sobre Python | Live #249;20231109;http://youtu.be/UNw-OFqhN1c;7920;Python, FAQ, Pergunte o que quiser
Pydub: Manipulação de Áudio em Python | Live #248;20231024;http://youtu.be/AVSMV08iQY0;7780;Python, Pydub, Manipulação de áudio, Edição de áudio, Engenharia de som, Técnicas de processamento de áudio, Fade-in e fade-out, Detecção de silêncio, Síntese sonora, Programação em Python, Live de Python, Edição de áudio com Python, scipy, Configuração Pydub, Aprenda Python, Biblioteca Python para áudio, Transformações sonoras, Programação sonora, Tutorial de Pydub, Audio processing
Novidades na Versão 3.12 do Python | Live de Python #247;20231011;http://youtu.be/yyzIPQsa98A;7780;python, 3.12, novidades, whats new, f-strings, ImportError, pdb, itertools batched, math sum prod, tempfile, runtime_checkable, override, generics
TinyDB o incrível e pequeno banco de dados de documentos | Live de Python #246;20230925;http://youtu.be/vIUeTkfW1JQ;7017;Python, TinyDB, Banco de Dados, Documentos, NoSQL
Python? Pergunte o que quiser | Live de Python #245;20230911;http://youtu.be/Psp64rR1rPU;8755;python, animações, live de python, dunossauro, Programação Python, Tutorial Python, Aprendendo Python, Python para iniciantes, Perguntas e respostas Python, Live Python, Codificação Python, Python dicas e truques, Python avançado, Python intermediário, Python para especialistas, Programação em Python, Bibliotecas Python, Python perguntas frequentes, Python tutorial ao vivo, Programação ao vivo, Desenvolvimento Python, Curso Python, Python 2023
Python? Pergunte o que quiser | Live de Python #244;20230717;http://youtu.be/lnMRINNJI7M;7500;python, animações, live de python, dunossauro, Programação Python, Tutorial Python, Aprendendo Python, Python para iniciantes, Perguntas e respostas Python, Live Python, Codificação Python, Python dicas e truques, Python avançado, Python intermediário, Python para especialistas, Programação em Python, Bibliotecas Python, Python perguntas frequentes, Python tutorial ao vivo, Programação ao vivo, Desenvolvimento Python, Curso Python, Python 2023
Animações com Manim | Live de Python #243;20230711;http://youtu.be/r_12JMnqcoA;7895;python, Manim, animações, live de python, dunossauro
Trio: Concorrência estruturada | Live de Python #242;20230703;http://youtu.be/pejxUqrT7yo;7145;python, live de python, dunossauro, trio, async, concorrência, estruturada, concorrência estruturada, structured concurrency, httpx
Conhecendo itertools | Live de Python #241;20230626;http://youtu.be/iSmnkL0udpg;8245;python, live de python, dunossauro, itertools, map, filter, starmap, tee, islice, lazy evaluation, lazyness, programação funcional, groupby
Criando interfaces de terminal com Textual (TUIs) | Live de Python #240;20230619;http://youtu.be/4-Sj7D2cFAU;7442;python, live de python, dunossauro, Textual, Terminal, TUI, App, interfaces de terminal
Raspando dados com Parsel | Live de Python #239;20230613;http://youtu.be/lmMnpIa8Jeo;6640;python, live de python, dunossauro, parsel, scrapy, raspagem de dados, automação
Escopos e Namespaces | Live de Python #238;20230607;http://youtu.be/nWmPEgTwGMM;8000;python, live de python, dunossauro, Escopos, namespaces, variáveis, nomes, global, local, builtin, palavras reservadas
Pergunte o que quiser sobre Python | Live de Python #237;20230530;http://youtu.be/o5y5rU-zroQ;7555;python, live de python, dunossauro, Pergunte o que quiser, Dúvidas de python
Criando jogos 3D com Ursina | Live de Python #236;20230523;http://youtu.be/x9Hf1UjxjQQ;8190;python, live de python, dunossauro, Ursina, jogos, 3d, panda3d
Conhecendo o SQLModel, um ORM diferente | Live de Python #235;20230516;http://youtu.be/7RbUreoXOQg;7650;python, live de python, dunossauro, SQLModel, SQLAlchemy, Pydantic
Requests assíncronos com HTTPX | Live de Python #234;20230508;http://youtu.be/V4hSLZRCGoE;7335;python, live de python, dunossauro, requests, httpx, asyncio, trio, anyio, aiometer
Criando aplicações de linha de comando (CLIs) com Typer | Live de Python #233;20230502;http://youtu.be/m1_48lmAX-Y;7980;python, live de python, dunossauro, CLIs, aplicaçãos de linha de comando, typer, Criando aplicação, 12 fatores de clis, CLI Guideline
Live de Python especial de aniversário: 6 anos de projeto;20230425;http://youtu.be/KG2UTmcVBQI;9200;python, live de python, dunossauro
Uma introdução aos testes: Como fazer? | Live de Python #232;20230417;http://youtu.be/-8H2Pyxnoek;7475;python, live de python, dunossauro, perguntas frequentes, Testes
Me pergunte o que quiser sobre Python | Live de Python #231;20230410;http://youtu.be/txCLMLyLA94;8470;python, live de python, dunossauro, FAQ, Pergunte o que quiser, perguntas frequentes
Retrospectiva 2022 | Live de Python;20221226;http://youtu.be/xjyQDLYfG9w;6360;python, live de python, dunossauro, FAQ, Pergunte o que quiser, perguntas frequentes
Me pergunte o que quiser sobre Python | Live de Python #230;20221219;http://youtu.be/AIzzrERANVs;8075;python, live de python, dunossauro, FAQ, Pergunte o que quiser, perguntas frequentes
Scapy: Programando protocolos de rede  | Live de Python #229;20221212;http://youtu.be/2GWp3ozCeRY;10270;python, live de python, dunossauro, scapy, protocolos, rede, sniffing, programação
Pyinstaller: como gerar executáveis  | Live de Python #228;20221207;http://youtu.be/oZw_mcH2Irs;7855;python, live de python, dunossauro, pyinstaller, hooks, bootloader, executaveis, exe, onefile, bundle
Streamlit: Criando aplicações web  | Live de Python #227;20221128;http://youtu.be/Ie5ef_R_k6I;7620;python, live de python, dunossauro, web, streamlit, data apps
spaCy: Introdução a Processamento de Linguagem Natural  | Live de Python #226;20221121;http://youtu.be/Vr9QXpELdrs;7050;python, live de python, dunossauro, PNL, NLP, spaCy, processamento de linguagem natural, Natural language process, Português, portuguese
Ansible: Automatizando tarefas  | Live de Python #225;20221116;http://youtu.be/Rf1GDT8wiFU;9704;python, live de python, dunossauro, ansible, vagrant, automação, playbooks, roles
Rich: fazendo prints incríveis  | Live de Python #224;20221107;http://youtu.be/gadMAObZ_1Y;7270;python, live de python, dunossauro, rich, terminal, textos ricos, prints, print
Pergunte o que quiser sobre Python  | Live de Python #223;20221025;http://youtu.be/ZJqSlzBDY-g;7670;python, live de python, dunossauro, FAQ
Automação de browsers com Playwright | Live de Python #222;20221010;http://youtu.be/Br0cJo2YeNg;6755;python, live de python, dunossauro, playwright, automação, browsers, navegador, navegadores
Introdução ao Pandas | Live de Python #221;20221003;http://youtu.be/GhKVR72eJmA;7590;python, live de python, dunossauro, pandas, dataframes, series, numpy, arrays
Novidades Python 3.11 | Live de Python #220;20220919;http://youtu.be/7BfiLFiqGRU;7635;python, live de python, dunossauro, Pathlib, Functools, singledispatch, glob, Contextlib, chdir, tomllib, asyncio, TaskGroup, ExceptionsGroups, TypedDict, TypeVarTuple
O que você gostaria de saber sobre Python? | Live de Python #219;20220912;http://youtu.be/vT8iVef1GyU;7180;python, live de python, dunossauro
Como o interpretador do Python funciona? | Live de Python #218;20220905;http://youtu.be/pxfZTAJDipY;8585;python, live de python, dunossauro, CPython, AST, CFG, Interpretador, Execução do código python, stack machine, frames
Análises de dados da bolsa de valores - Inácio Medeiros | Live de Python #217;20220829;http://youtu.be/GRfQyBpSRjg;6735;análise de dados, bolsa, b3, Inácio medeiros, pandas, python, live de python, dunossauro
Pergunte o que quiser sobre Python | Live de Python #216;20220822;http://youtu.be/7BVoKUCVXIo;7365;python, live de python, dunossauro
Mercado de trabalho Python, suas ferramentas e salários | Live de Python #215;20220815;http://youtu.be/Wmxp0Qm0zeU;7910;empregos, emprego, python, mercado de trabalho, mercado, profissoes, areas, ferramentas, live de python, dunossauro
Como fazer agendamento de tarefas com Python e Rocketry | Live de Python #214;20220808;http://youtu.be/eepX8Bb2BxI;8800;python, live de python, dunossauro, Agendamento, scheduler, rocketry, tarefas, tasks
O que são decoradores? | Live de Python #213;20220801;http://youtu.be/lL9amfaaRws;9104;python, live de python, dunossauro, funções com objeto, funções de primeira classe, Funções de ordem superior, closures, decoradores, nonlocal, variaveis livres
Automatizando edição de vídeos com Moviepy | Live de Python #212;20220725;http://youtu.be/oOo1uENjXhI;8130;python, live de python, dunossauro, Automação, moviepy, edição de vídeos
Migrações, bancos de dados evolutivos (Alembic e SQLAlchemy) | Live de Python #211;20220718;http://youtu.be/yQtqkq9UkDA;6125;Migrations, Migrações, Alembic, Bancos de dados, SQLAlchemy, SQLAcodegen, python, live de python, dunossauro
Como fazer bots para telegram com Pyrogram | Live de Python #210;20220711;http://youtu.be/bO-ksqJNPXg;7913;bot, telegram, pyrogram, deploy, heroku, uvloop, python, live de python, dunossauro
Interfaces gráficas com QT e PySide | Live de Python #209;20220704;http://youtu.be/5S2paeDKTLk;9220;PySide, QT, PyQT, Interfaces gráficas, python, live de python, dunossauro
Pergunte o que quiser sobre Python | Live de Python #208;20220627;http://youtu.be/lcf7XiWuOeo;7455;python, live de python, dunossauro, Q&A, Pergunte o que quiser
Variáveis de ambiente, dotenv, constantes e configurações | Live de Python #207;20220620;http://youtu.be/DiiKff1z2Yw;5925;envvar, variáveis de ambiente, dotenv, dynaconf, .env, python, live de python, dunossauro, 12 factory app
Monitorando o sistema e processos com PSUtil - Live de Python #206;20220613;http://youtu.be/H32lpY8Jipo;8880;python, live de python, dunossauro, psutil, disk, disco, memória, memory, consumo, cpu, processador, rede, network, py-dashing
Plone, o CMS pythonico - Live de Python #205 | Com Érico Andrei;20220606;http://youtu.be/CcYqwUfp6UQ;7400;plone, cms, Érico Andrei, python, live de python, dunossauro
Profiling, identificando problemas de performance - Live de Python #204;20220530;http://youtu.be/cHraQ2I0Xgk;6590;timeit, profile, cProfile, snakeviz, py-spy, pstats, eliot, pyinstrument, python, live de python, dunossauro
Datetime, manipulando datas e horários - Live de Python #203;20220523;http://youtu.be/BImF-dZYass;6800;python, live de python, dunossauro, datetime, date, time, timezone
Interfaces gráficas com PySImpleGUI - Live de Python #202;20220509;http://youtu.be/1xGLzxV4qq4;7080;PySimpleGUI, python, live de python, dunossauro, Tkinter, TK, QT, Remi, WxWindow, iniciante
Como usar arquivos temporários - Live de Python #201;20220502;http://youtu.be/bFV2-ulGy60;6300;python, live de python, dunossauro, tempfile, arquivos temporários, BytesIO, Bandit, segurança
Especial 5 anos | A história da live de Python - Live de Python #200;20220425;http://youtu.be/HERLgvSxDkI;7590;python, live de python, dunossauro, Especial, Aniversário, 5 anos
Manipulação de arquivos e pastas com pathlib - Live de Python #199;20220418;http://youtu.be/E_hox7iZjOE;7190;python, live de python, dunossauro, pathlib, mover, copiar, criar, deletar, arquivos, pastas, diretórios, os, os.path, shutil, stat, glob
Como criar logs em Python? - Live de Python #198 [Logging, Loguru, Sentry];20220413;http://youtu.be/PGAOqAWuwC0;6835;python, live de python, dunossauro, logging, handler, filter, formatter, loguru, sentry
Como debugar código Python? - Live de Python #197;20220406;http://youtu.be/yffiyHEiUvo;7300;python, live de python, dunossauro, pdb, debug, ipdb, rpdb, podman, docker
Criando API's robustas | Live de Python #196 - Com Cássio Botaro;20220328;http://youtu.be/K6YT2y38Zqc;6635;python, live de python, dunossauro, APIs, API, Cássio Botaro
Machine Learning com PyTorch | Live de Python #195 - Com Leon Sólon (Let's Data);20220321;http://youtu.be/OUyiK1kZHoM;8380;python, live de python, dunossauro, let's data, Leon Sólon
20 anos da espetacular versão 2.2 do Python - Com João JS Bueno - Live de Python #194;20220307;http://youtu.be/94FQUHVU39s;7980;python, live de python, dunossauro, João JS Bueno, Python 2.2
Me pergunte o que quiser sobre Python! - Live de Python #193;20220221;http://youtu.be/hB6bI4PneOk;7280;python, live de python, dunossauro
Como organizar um projeto Python? - Live de Python #192;20220214;http://youtu.be/O3bs4JtHrow;9645;python, live de python, dunossauro, organização, linters, virtualenv, make, pastas, diiretórios, pyenv, poetry, pytest, black, formatação, formatadores, isort, mkdocs, prospector
Ambientes virtuais e instalação de bibliotecas - Live de Python #191;20220207;http://youtu.be/naGF7EIUFp0;6685;python, live de python, dunossauro, pip, venv, virtualenv, pipx, ambientes virtuais, pipenv, poetry, virtualenvwrapper, instalação, bibliotecas
Dicas para aprender Python - Live de Python #190;20220131;http://youtu.be/HSotf1Amess;5165;aprender, dicas, python, live de python, dunossauro
Documentado projetos com MkDocs - Live de Python #189;20220110;http://youtu.be/GW6nAJ1NHUQ;6078;Python, Live de Python, Dunossauro, MkDocs, Documentação, MarkDown
Retrospectiva 2021 - Live de Python Especial;20211227;http://youtu.be/DtAJlFL7670;8550;Python, Live de Python, Dunossauro, retrospectiva, csv
Motion graphics com Blender - Live de Python #188;20211220;http://youtu.be/LIvLEmMYyX4;7045;Python, Live de Python, Dunossauro, blender, motion graphics, animações
Ofuscando código com pyArmor e pyMinifier - Live de Python #187;20211213;http://youtu.be/HT9GJKz-vYs;6590;Python, Live de Python, Dunossauro, pyarmor, pyminifier, compileall, ofuscaç, ão, obfuscate
Me pergunte o que quiser sobre Python - Live de Python #186;20211206;http://youtu.be/wb8Bv5VLPkg;8179;Python, Live de Python, Dunossauro
GraphQL (Strawberry e FastAPI) - Live de Python #185;20211129;http://youtu.be/3h8K29U5_HA;8480;GraphQL, Strawberry, SQLModel, FastAPI, Python, Live de Python, Dunossauro, Type hints, data classes
Organizando projetos Python com GNU Make - Live de Python #184 - Com João Lugão;20211122;http://youtu.be/Bb_TvqoUxX4;7090;Python, Live, Live de Python, dunossauro, João Lugão, Make, GNU, Makefile
Fazendo música com FoxDot - Live de Python #183;20211115;http://youtu.be/zVnV5s07i8U;7555;Python, Live, Live Code, FoxDot, SuperCollider, Live de Python, Eduardo Mendes, dunossauro, Música, music
Introdução ao Cython - Live de Python #182;20211108;http://youtu.be/wfjJWf-jebI;7256;Live de Python, Eduardo Mendes, Python, cython, C/C++, otimização, cProfile, pstats, setup.py, cythozine
Formatação de strings - Live de Python #181;20211101;http://youtu.be/fkGFNOOmXsY;6576;Live de Python, Eduardo Mendes, Python, f string, strings, format, .format
Aplicativo android com kivyMD - Live de Python #180;20211018;http://youtu.be/ncPxLt2qWM8;7165;Live de Python, Eduardo Mendes, Python, KivyMD, kivy, buildozer, plyer, hotreload
Gerenciando pacotes e ambientes com Poetry - Live de Python #179;20211011;http://youtu.be/ZOSWdktsKf0;5453;Live de Python, Eduardo Mendes, Curso de python, poetry, virtualenv, venv, setuptools, pypi, pip
Documentando APIs com OpenAPI - Live de Python #178;20211004;http://youtu.be/TfGHNBaK9a0;6910;Live de Python, Eduardo Mendes, curso de python, OpenAPI, Swagger, Redoc, Python, code generator, fastAPI, Pydantic
Interfaces gráficas com Tkinter - Live de Python #177;20210913;http://youtu.be/vNEwbfsZ-Js;9315;Live de Python, Eduardo Mendes, curso de python, tkinter, tk, ttk, pygubu, ttkbootstrap, ttkthemes, cz_freeze, GUI, widgets
Manipulando imagens com Pillow - Live de Python #176;20210906;http://youtu.be/kT85FfTE22E;7885;Live de Python, Eduardo Mendes, curso de python, PIL, pillow, numpy, matrizes, colorização, edição de imagens, thumbnail, Processamento de imagem, opencv
API REST - Live de Python #175;20210830;http://youtu.be/1_nQ5A2HcgU;8075;Live de Python, Eduardo Mendes, curso de python, Python, Flask, API, REST, tinyDB, Pydantic
Norvig's lis.py: um interpretador funcional em 132 linhas de código Python - com Luciano Ramalho;20210823;http://youtu.be/obwNxKHDwlw;13605;Live de Python, Eduardo Mendes, Python, Python 3, Luciano Ramalho, Lisp, lispy
MongoDB - Live de Python #174;20210816;http://youtu.be/gOTMudRsf6A;6835;Live de Python, Eduardo Mendes, curso de python, python, pyinstaller, Numba, Cython, pyoxidizer
Gerando executáveis - Live de Python #173;20210802;http://youtu.be/EoQFKtPz15Y;7405;Live de Python, Eduardo Mendes, curso de python, python, pyinstaller, Numba, Cython, pyoxidizer
Bate-papo com inscritos, Perguntas e respostas: Python, vida, universo e tudo mais;20210719;http://youtu.be/RaCD6K2JM_w;5735;Live de Python, Eduardo Mendes, curso de python, python
FaaS e AWS Lambdas - Live de Python #172;20210712;http://youtu.be/jWDUUgf7xzg;7540;Live de Python, Eduardo Mendes, curso de python, python, aws, lambda, chalice, awscli, apigateway, s3
Pattern Matching - Live de Python #171;20210705;http://youtu.be/QqigW-yxtOw;6792;Live de Python, Eduardo Mendes, curso de python, python3, Python, Switch case, Switch, Pattern, Matching, Pattern Matching, python 3.10, 3.10
Github Actions - Live de Python #170 - Com Willian Lopes;20210628;http://youtu.be/L1f6N6NcgPw;7180;Live De Python, Github Actions, Github, Actions, Willian Lopes
Mercado de trabalho de Python no Brasil - Live de Python #169;20210621;http://youtu.be/BieZQkwt1UQ;7070;Python, pyjobs, Mercado, trabalho
Pytest Fixtures - Live de Python #168;20210614;http://youtu.be/sidi9Z_IkLU;6749;Live de Python, Eduardo Mendes, curso de python, python3, Python, Pytest, fixtures, mark, cli, skip, xfail
Pytest: Uma introdução - Live de Python #167;20210607;http://youtu.be/MjQCvJmc31A;7130;Live de Python, Eduardo Mendes, curso de python, python3, Python, Pytest, fixtures, mark, cli, skip, xfail
Novidades do SQLAlchemy (orm async, 2.0 e queries) - Live de Python #166;20210531;http://youtu.be/nwJYbbJfJpg;5493;Live de Python, Eduardo Mendes, curso de python, python3, Python, SQLAlchemy, 1.4, 2.0, queries, select, async, ORM async, asyncio
Pydantic - Live de Python #165;20210517;http://youtu.be/UdfLu1G47BU;7320;Live de Python, Eduardo Mendes, curso de python, python3, Python, Pydantic, Typing, config files, Models
WebSockets - Live de Python #164;20210426;http://youtu.be/EqFzY8dBWHs;8574;Live de Python, Eduardo Mendes, curso de python, python3, Python, fastapi, brython, websockets
Live especial de 4 anos;20210419;http://youtu.be/d1Uoz3nLFzU;4990;Live de Python, Eduardo Mendes, curso de python, python3, Python, Safety, pip, CVE, pyup, git-hook, upgrade
Sua aplicação NÃO está segura - Live de Python #163;20210412;http://youtu.be/cEkA9PH2oEk;5930;Live de Python, Eduardo Mendes, curso de python, python3, Python, Safety, pip, CVE, pyup, git-hook, upgrade
Live de Python #162 -  Deploy de aplicação no Heroku;20210405;http://youtu.be/fyhZ3a963wI;6310;Live de Python, Eduardo Mendes, curso de python, python3, Python, heroku, produção
Live de Python #161 -  Plotly Dash;20210329;http://youtu.be/fKgPXUUsg1M;5847;Live de Python, Eduardo Mendes, curso de python, python3, dash, plotly, dashboards, gráficos
Live de Python #160 - Peewee ORM, simplificando banco de dados;20210322;http://youtu.be/fJixdxPOz-E;6365;Live de Python, Eduardo Mendes, curso de python, python3, Peewee, ORM, Banco de dados, sqllite, postgresql, mysql, CockroachDB
Live de Python #159 - Celery;20210315;http://youtu.be/ig9hbt-yKkM;8560;Live de Python, Eduardo Mendes, curso de python, python3, Celery, RabbitMQ, Flower, Producer, Consumer, Microservissos
Live de Python #158 - Jogos com Pygame;20210308;http://youtu.be/t5uxBACjp8Y;7540;Live de Python, Eduardo Mendes, curso de python, python3, pygame, jogos, python, shooter
Live de Python #157 - CLIs com Google Fire;20210301;http://youtu.be/WnV553cjbo0;3525;Live de Python, Eduardo Mendes, curso de python, python3, Fire, google, google fire, CLIs, interface de linha de comando
KivyMD, aparência nativa para apps Android - Live de Python #156;20210222;http://youtu.be/TdVp1GB-8HQ;6965;Live de Python, Eduardo Mendes, curso de python, python3, kivy2, kivy, kivymd, material design, mobile, aplicativo, app, plyer, sweetalerts, buildozer
Live de Python #155 - Perguntas e Respostas;20210215;http://youtu.be/VRcLJNTw8qg;5775;Live de Python, Eduardo Mendes, curso de python, python3, Perguntas e respostas
Live de Python #154 - Uma introdução histórica à corrotinas PARTE 3 (AsyncIO);20210208;http://youtu.be/I8doc-MlQ9g;5060;Live de Python, Eduardo Mendes, curso de python, python3, yield from, coroutines, corrotinas, asyncio, yield, gather, event loop
Live de Python #153 - Uma introdução histórica à corrotinas PARTE 2;20210201;http://youtu.be/Sj9cvkWZjac;5869;Live de Python, Eduardo Mendes, curso de python, python3, yiled, yield from, coroutines, corrotinas, asyncio
Live de Python #152 - Uma introdução histórica à corrotinas;20210125;http://youtu.be/b6LT6O1s3_8;5375;Live de Python, Eduardo Mendes, curso de python, python3, yiled, yield from, coroutines, corrotinas, asyncio
Live de Python #151 - Desvendando o yield e as funções geradoras;20210111;http://youtu.be/ZjwZ9nfhsk4;4990;Live de Python, Eduardo Mendes, curso de python, python3, dataclasses, primitive obsession, obsessão por primitivos, pydantic, attrs, namedtuple
Live de Python #150 - Dataclasses e obsessão por primitivos;20210104;http://youtu.be/NtZY3AmsBSk;5010;Live de Python, Eduardo Mendes, curso de python, python3, dataclasses, primitive obsession, obsessão por primitivos, pydantic, attrs, namedtuple
Live de Python - Retrospectiva 2020;20201228;http://youtu.be/qH5Hd1o8qGw;4411;Live de Python, Eduardo Mendes, Retrospectiva 2020
Live de Python - Especial de natal;20201221;http://youtu.be/b3IxZdrze9U;8501;%live_de_python%eduardo_mendes%, Live de Python, Eduardo Mendes, Python, Natal, bate papo
Live de Python #149 - Flask + VueJS - Criando front para APIs em Flask com Giordane Oliveira;20201214;http://youtu.be/8ULr2J-Ymlo;7520;%live_de_python%eduardo_mendes%, Live de Python, Eduardo Mendes, Python, Python 3, web, api, crud, django
Live de Python #148 - Criando aplicações web assíncronas com Starlette com Marcus Pereira;20201130;http://youtu.be/1yuv5SFR_zg;8950;%live_de_python%eduardo_mendes%, Live de Python, Eduardo Mendes, Python, Python 3, web, api, crud, django
Live de Python #147 - Nameko e microsserviços com Flávio Pimenta;20201123;http://youtu.be/wOOjZ4kzPus;6180;%live_de_python%eduardo_mendes%, Live de Python, Eduardo Mendes, Python, Python 3, web, api, crud, django
Live de Python #146 - Django 101: Saindo do zero com Renan Moura;20201116;http://youtu.be/6a2ID5Ld6is;5532;%live_de_python%eduardo_mendes%, Live de Python, Eduardo Mendes, Python, Python 3, web, api, crud, django
Interfaces gráficas com Kivy - Live de Python #145;20201109;http://youtu.be/5ApbLrcUtlE;7665;%live_de_python%eduardo_mendes%, Live de Python, Eduardo Mendes, Python, Python 3, android, ios, kivy, buildozer, garden, Linux, plyer
Live de Python #144 - Appium, automatizando aplicativo móveis;20201102;http://youtu.be/R1vm0RF66C8;6360;%live_de_python%eduardo_mendes%, Live de Python, Eduardo Mendes, Python, Python 3, toga, beeware, android, ios
Live de Python #143 - BeeWare, aplicativos nativos para Android;20201027;http://youtu.be/sS0UI0yuLYQ;4326;%live_de_python%eduardo_mendes%, Live de Python, Eduardo Mendes, Python, Python 3, toga, beeware, android, ios, mobile
Live de Python #142 - Cookiecutter, criando templates de projetos;20201019;http://youtu.be/iSMTQc1fTdE;4250;%live_de_python%eduardo_mendes%, Live de Python, Eduardo Mendes, Python, Python 3, cookiecutter, tesmplates, jinja2
Live de Python #141 - Pergunte-me o que quiser sobre Python;20201012;http://youtu.be/s16chBNQURw;5000;%live_de_python%eduardo_mendes%, Live de Python, Eduardo Mendes, Python, Python 3, wtforms, flask, jinja
Live de Python #140 - WTForms;20201005;http://youtu.be/LU2ZsBk_UhI;4995;%live_de_python%eduardo_mendes%, Live de Python, Eduardo Mendes, Python, Python 3, wtforms, flask, jinja
Live de Python #139 - SQLAlchemy ORM;20200928;http://youtu.be/UgaybOYMKS0;5325;%live_de_python%eduardo_mendes%, Live de Python, Eduardo Mendes, Python, Python 3, sqlalchemy, orm
Live de Python #138 - Bulindo no Flask com Geraldo Castro;20200921;http://youtu.be/eDTczIpZj-o;7910;%live_de_python%eduardo_mendes%, Live de Python, Eduardo Mendes, Python, Python 3, Flask, GrupyRN, Geraldo Castro
Conhecendo ScanAPI com Camila Maia;20200909;http://youtu.be/hhZvE-CVmr8;6826;live, livedepython, conhecendo, eduardo mendes, PHP, PokemaoBR
Live de Python #137 - Datas e horários com Pendulum;20200907;http://youtu.be/iy3fGZEK8f4;5270;%live_de_python%eduardo_mendes%, Live de Python, Eduardo Mendes, Python, Python 3, datetime, pendulum, calendar, testing, calendario, testes
Live de Python #136 - Functools;20200831;http://youtu.be/5cJzN0zlR5Q;6235;%live_de_python%eduardo_mendes%, Live de Python, Eduardo Mendes, Python, Python 3, funcional, functools, itertools, toolz
Live de Python #135 - Bate papo sobre testes;20200825;http://youtu.be/e9r-6hwchCg;6104;%live_de_python%eduardo_mendes%, Live de Python, Eduardo Mendes, Python, Python 3, testes, API, httpx
Selenium com Python #Final - Retrospectiva + Certificado;20200818;http://youtu.be/4ORQfpvn87o;3746;python, live de python, dunossauro, eduardo mendes, curso, selenium
Live de Python #134 - Testes em APIs REST;20200817;http://youtu.be/RPWQoAFZelo;9820;%live_de_python%eduardo_mendes%, Live de Python, Eduardo Mendes, Python, Python 3, testes, API, httpx
Live de Python #133 - Selenium + pytest;20200810;http://youtu.be/e-K_JK7ozFg;6596;%live_de_python%eduardo_mendes%, Live de Python, Eduardo Mendes, Python, Python 3, selenium, pytest
Live de Python #132 - Novidades no python 3.9;20200803;http://youtu.be/vfZKtassBcw;4519;%live_de_python%eduardo_mendes%, Live de Python, Eduardo Mendes, Python, Python 3, 3.9, novidades
Conhecendo xonsh com @dunossauro;20200729;http://youtu.be/thxOAuy17sw;5912;live, livedepython, conhecendo, eduardo mendes, PHP, PokemaoBR
Live de Python #131 - Bate papo com inscritos + Dúvidas com código;20200727;http://youtu.be/f-lGkux1Y0I;4627;%live_de_python%eduardo_mendes%, Live de Python, Eduardo Mendes, Python, Python 3, bate-papo, dúvidas
Conhecendo PHP com @PokemaoBR;20200722;http://youtu.be/xxWJKRxT9mM;5746;live, livedepython, conhecendo, eduardo mendes, PHP, PokemaoBR
Live de Python #130 - Python: A linguagem dos dados com Caroline Dantas;20200720;http://youtu.be/Dlnp6A3Oyk8;7235;%live_de_python%eduardo_mendes%, Live de Python, Eduardo Mendes, Python, Python 3, data, caroline dantas, data science, dados
Conhecendo Elixir com Ana C. Lopes;20200715;http://youtu.be/tBnO6KIbQ0c;6283;live, livedepython, conhecendo, eduardo mendes, Emerson Lara, testes, firmware, testes de firmware
Python no front-end com Brython - Live de Python #129;20200706;http://youtu.be/S5tBIbOevgw;5145;Front End, Python, Brython, Javascript
Conhecendo Gnome com Luciano Ratamero;20200701;http://youtu.be/z9QSqt51zIo;8164;live, livedepython, conhecendo, eduardo mendes, Emerson Lara, testes, firmware, testes de firmware
Live de Python #128 - Publicando seu primeiro pacote no PyPI com Alexandre Harano;20200629;http://youtu.be/CW7Z1AqGyJM;6590;%live_de_python%eduardo_mendes%, Live de Python, Eduardo Mendes, Python, Python 3, Alexandre Harano, pyPI, Publicação de pacote python
Conhecendo testes de firmware com Emerson Lara;20200625;http://youtu.be/HXU6BLu7Jx0;4552;live, livedepython, conhecendo, eduardo mendes, Emerson Lara, testes, firmware, testes de firmware
Live de Python #127 - Como iniciar uma carreira em ciência de dados? com Mikaeri Ohana;20200622;http://youtu.be/PumE2TWOozw;7505;%live_de_python%eduardo_mendes%, Live de Python, Eduardo Mendes, Python, Python 3, Mikaeri Ohana, data science, ciência de dados
Conhecendo JavaScript com Marcus Pereira [@spacedevs];20200617;http://youtu.be/zxuS8Jbjx7c;8756;javascript, js, live, livedepython, conhecendo, eduardo mendes, marcus pereira, spacedevs
Live de Python #126 - Ansible e colorado com @punkdodevops;20200616;http://youtu.be/22OxRcRxte8;7267;%live_de_python%eduardo_mendes%, Live de Python, Eduardo Mendes, Python, Python 3, Curso de Python, load, balancer, load balancer, balanceamento de carga
Conhecendo Tmux com Jônatas Oliveira;20200611;http://youtu.be/7wm93bWCMlI;4815;
Live de Python #125 - Balanceamento de carga com Natalia Raythz;20200526;http://youtu.be/yAy_n8n6S5E;3895;%live_de_python%eduardo_mendes%, Live de Python, Eduardo Mendes, Python, Python 3, Curso de Python, load, balancer, load balancer, balanceamento de carga
Live de Python #124 - Trabalhando com FOSS com Ingrid Sena;20200519;http://youtu.be/DvF0PDF3REI;6864;%live_de_python%eduardo_mendes%, Live de Python, Eduardo Mendes, Python, Python 3, Curso de Python, Ingrid Sena, FOSS, Software Livre
Selenium com Python #Plantão - Dúvidas e aplicações - Semana 3;20200516;http://youtu.be/iLSgkWdepfA;5545;python, live de python, dunossauro, eduardo mendes, curso, selenium
Live de Python #123 - Apache Airflow com Juan Funez;20200512;http://youtu.be/LMk78Dmk0qU;8835;%live_de_python%eduardo_mendes%, Live de Python, Eduardo Mendes, Python, Python 3, Curso de Python, apache, airflow, apacheairflow, Juan funez
Selenium com Python #palestra - Conhecendo XPATH com Renne Rocha;20200507;http://youtu.be/vuLNc2yCNYk;6325;%live_de_python%eduardo_mendes%, Live de Python, Eduardo Mendes, Python, Python 3, Curso de Python, selenium, xpath
Selenium com Python #Plantão - Dúvidas e aplicações - Semana 2;20200502;http://youtu.be/X73Iyq1M688;4070;python, live de python, dunossauro, eduardo mendes, curso, selenium
Selenium com Python #palestra - Vamos falar de QA? com Mariana Elisa;20200423;http://youtu.be/TOt6YvONKNA;5898;python, live de python, dunossauro, eduardo mendes, curso, selenium
Selenium com Python #00 - Abertura do curso;20200422;http://youtu.be/PHHXksljGNA;4180;python, live de python, dunossauro, eduardo mendes, curso, selenium
Live de Python especial de 3 anos.;20200421;http://youtu.be/M0T4ZvtzYNs;6905;
Conhecendo CSS com Giordane Oliveira;20200416;http://youtu.be/2xa_g0g8SiE;6595;CSS, Live de Python, Giordane Oliveira, Eduardo Mendes
Live de Python #122 - Respondendo perguntas sobre python;20200414;http://youtu.be/oot2mgKE00U;7995;%live_de_python%eduardo_mendes%, Live de Python, Eduardo Mendes, Python, Python 3, Curso de Python
Live de Python #121 - State - Padrões de projeto #06;20200323;http://youtu.be/6kNXFCoQBl0;4942;
Live de Python #120 - Strategy - Padrões de projeto #05;20200309;http://youtu.be/-UKPFtS4-jI;5926;
Live de Python #119 - Resolvendo problemas;20200302;http://youtu.be/48fWEFIfX9U;6812;
Live de Python #118 - Chain of responsibility / Pipelines / Composição  - Padrões de projeto #04;20200217;http://youtu.be/iqVOUAbeGoE;7417;
Live de Python #117 - Template Method / Hooks - Padrões de projeto #03 (parte 2);20200203;http://youtu.be/F3rhZMg_vuM;4861;
Live de Python #117 - Template Method / Hooks - Padrões de projeto #03 (parte 1);20200203;http://youtu.be/WyyKnROg3a4;701;
Live de Python #116 - Observer / PubSub / Dispatcher - Padrões de projeto #02;20200127;http://youtu.be/sbCJucr8aJg;5454;python, Eduardo Mendes, Python, curso de python, python 3, python tutorial, Live de Python
Live de Python #115 - Introdução a padrões de projeto (parte 2);20200106;http://youtu.be/neXiofJ5Eis;930;python, Eduardo Mendes, Python, curso de python, python 3, python tutorial, Live de Python, Padroes de projeto, design patterns
Live de Python #115 - Introdução a padrões de projeto (parte 1);20200106;http://youtu.be/fG5pYDVm8_M;3758;python, Eduardo Mendes, Python, curso de python, python 3, python tutorial, Live de Python, padrões de projeto, Design patterns, live de python
Live de Python - Especial final de ano;20191216;http://youtu.be/5vSkKAUulPo;5170;python tutorial, python 3, Python, Programação funcional, Eduardo Mendes, curso de python, BDD, %live_de_python%eduardo_mendes%, TDD, Live de Python, python
Live de Python - Especial final de ano;20191216;http://youtu.be/71iXixaJHOg;1511;BDD, python tutorial, Eduardo Mendes, TDD, curso de python, python, Python, Live de Python, %live_de_python%eduardo_mendes%, Programação funcional, python 3
Live de Python #114 - Bazuca ou canivete, Django ou Flask - com Tyrone Damasceno;20191209;http://youtu.be/jufCvVV_HI0;5901;Live de Python, Programação funcional, curso de python, python 3, %live_de_python%eduardo_mendes%, Eduardo Mendes, python tutorial, BDD, python, TDD, Python
Live de Python  #113 - FastAPI - Com João Lugão;20191202;http://youtu.be/MxlS5_MI_WY;6427;curso de python, Python, Eduardo Mendes, python 3, python tutorial, Programação funcional, python, Live de Python, TDD, BDD
Live de Python #112 - Testes de perfomace com Locust - com Flávio Meira;20191125;http://youtu.be/bSFjmGakIPU;4409;Eduardo Mendes, Live de Python, TDD, Programação funcional, python, %live_de_python%eduardo_mendes%, BDD, curso de python, python 3, Python, python tutorial
Live de Python #111 - Testes com Django - com Renan Moura;20191118;http://youtu.be/Prp7S61irdI;7264;python, TDD, Eduardo Mendes, %live_de_python%eduardo_mendes%, python 3, BDD, Python, python tutorial, curso de python, Programação funcional, Live de Python
Live de Python #110 - QGIS - com Kyle Felipe;20191111;http://youtu.be/s2XaRTg4J6U;9555;%live_de_python%eduardo_mendes%, Eduardo Mendes, Live de Python, TDD, Programação funcional, curso de python, python 3, Python, python tutorial, python, BDD
Live de Python #109 - Desenhando doideiras com Python - com Bernardo Fontes;20191104;http://youtu.be/9hk3Y9uO6wQ;5552;%live_de_python%eduardo_mendes%, Programação funcional, Live de Python, TDD, python tutorial, python 3, curso de python, python, BDD, Eduardo Mendes, Python
Live de Python #108 - Montando APIs em minutos com Django Rest Framework - com Luiz Guilherme;20191029;http://youtu.be/I8IAJ3asw5w;6831;curso de python, Programação funcional, Live de Python, python tutorial, python 3, %live_de_python%eduardo_mendes%, Python, BDD, TDD, Eduardo Mendes, python
Live de Python #107 - Flask templates a vera - com StatusOK;20191014;http://youtu.be/16-O7_K3djo;6905;Programação funcional, Eduardo Mendes, python tutorial, BDD, python, Live de Python, python 3, curso de python, %live_de_python%eduardo_mendes%, Python, TDD
Live de Python #106 - CI - Integração contínua;20191007;http://youtu.be/yqsGbfvbMcQ;5858;%live_de_python%eduardo_mendes%, Eduardo Mendes, Live de Python, TDD, Programação funcional, curso de python, python 3, python, python tutorial, Python, BDD
Criando uma API com flask + BDD + TDD + Marshmallow;20190924;http://youtu.be/Y_GQdxRSnIg;10429;python tutorial, Eduardo Mendes, Programação funcional, python 3, BDD, Live de Python, Python, %live_de_python%eduardo_mendes%, curso de python, TDD, python
Live de Python #105 - Estruturas de decisão;20190923;http://youtu.be/EK42cKmIRP4;6343;Eduardo Mendes, Python, python 3, python tutorial, BDD, curso de python, TDD, %live_de_python%eduardo_mendes%, Live de Python, Programação funcional, python
Live de Python #104 - Aplicação doze-fatores 12FactorApp - com Bruno Rocha;20190916;http://youtu.be/DA-hOskxOxE;7273;Python, Live de Python, curso de python, python 3, %live_de_python%eduardo_mendes%, Eduardo Mendes, python tutorial, BDD, python, Programação funcional, TDD
Live de Python #103 - Fazendo música com FoxDot - com Diego Dukão;20190903;http://youtu.be/2Ek4CzMRdsQ;5513;%live_de_python%eduardo_mendes%, python, TDD, curso de python, Live de Python, Programação funcional, Eduardo Mendes, python 3, BDD, Python, python tutorial
Live de Python #103 - Fazendo música com FoxDot - com Diego Dukão;20190903;http://youtu.be/HZiWyakqLWI;1006;Live de Python, Programação funcional, curso de python, python tutorial, python 3, Python, %live_de_python%eduardo_mendes%, BDD, TDD, Eduardo Mendes, python
Live de Python #102 - TDD com Mamba e Expects;20190826;http://youtu.be/I_kYOh2hcY4;6192;TDD, Eduardo Mendes, python, python tutorial, python 3, Python, %live_de_python%eduardo_mendes%, BDD, curso de python, Live de Python, Programação funcional
Live de Python #101 - WSGI e Gunicorn;20190819;http://youtu.be/J354T4gth0s;5709;Eduardo Mendes, TDD, python, python 3, python tutorial, BDD, %live_de_python%eduardo_mendes%, curso de python, Live de Python, Programação funcional, Python
Live de Python #100 - Tudo ao mesmo tempo agora - Com Luciano Ramalho;20190813;http://youtu.be/wReCMR8rnRI;6017;%live_de_python%eduardo_mendes%, python, Live de Python, curso de python, TDD, Python, Programação funcional, python tutorial, python 3, BDD, Eduardo Mendes
Live de Python #99 - Vamos entender a conferência Python Brasil? - Com Mário Sérgio e Ana Dulce;20190729;http://youtu.be/XKV-C8Tba-8;6916;%live_de_python%eduardo_mendes%, psf, brasil, python, #hangoutsonair, #hoa, Eduardo Mendes, Programação funcional, python software foundation, BDD, Python, PUG, grupy, Hangouts On Air, TDD, python tutorial, Live de Python, curso de python, python 3
Live de Python #98 - Criando uma aplicação web serverless na AWS - com Guilherme Ramos;20190722;http://youtu.be/0w_vjcOy8nU;6015;python tutorial, python, lambda, Programação funcional, #hoa, curso de python, Python, BDD, boto3, %live_de_python%eduardo_mendes%, #hangoutsonair, serverless, TDD, python 3, Hangouts On Air, aws, Live de Python, Eduardo Mendes
Live de Python #97 - Desacoplando configurações com Decouple - com Henrique Bastos;20190715;http://youtu.be/zYJGpLw5Wv4;8540;mendes, #hangoutsonair, 12 fatores, live, HB, 12factories, python, to, WTTD, curso de python, python 3, %live_de_python%eduardo_mendes%, python tutorial, Eduardo Mendes, BDD, decouple, henrique bastos, Hangouts On Air, #hoa, de, Python, 12 factories, the, Live de Python, whelcome, TDD, Programação funcional, eduardo, django
Live de Python #96 - Mockando requests com VCRpy - com Luiz Menezes;20190708;http://youtu.be/uOj4-gY4YHg;3979;testes, Eduardo Mendes, unittest, %live_de_python%eduardo_mendes%, #hangoutsonair, spy, https, python 3, python, dummy, grupy, Hangouts On Air, Programação funcional, TDD, BDD, dubles, fake, httparty, brasil, VCRpy, python tutorial, python3, stub, VCR, request, postman, teste, tests, testing, Live de Python, pytest, PUG, requests, http, caipyra, doubles, #hoa, curso de python, mock, Python
Live de Python #95 - Entendendo o ORM do Django - com Regis Santos;20190701;http://youtu.be/cyxky2QJlwg;5815;Live de Python, python 3, python, BDD, #hoa, Hangouts On Air, Eduardo Mendes, orm, #hangoutsonair, curso de python, TDD, Python, %live_de_python%eduardo_mendes%, python tutorial, Programação funcional, django
Live de Python #94 - Django básico - com Regis Santos;20190625;http://youtu.be/YuKdwIhJysU;6156;#hangoutsonair, Python, %live_de_python%eduardo_mendes%, #hoa, TDD, Programação funcional, curso de python, Hangouts On Air, python tutorial, Eduardo Mendes, BDD, Live de Python, python, python 3
Resolvendo problemas #3: Python e TDD - primeiro positivo faltante;20190618;http://youtu.be/sW57b2Z56hQ;1992;Python, Live de Python, Programação funcional, TDD, curso de python, Eduardo Mendes, python, python tutorial, python 3, %live_de_python%eduardo_mendes%, BDD
Live de Python #93 - MicroPython: Python para microcontroladores - com Fabio Souza;20190617;http://youtu.be/KMf62oLcuSw;6480;TDD, python, Python, %live_de_python%eduardo_mendes%, Live de Python, Programação funcional, python tutorial, python 3, BDD, #hoa, Hangouts On Air, Eduardo Mendes, #hangoutsonair, curso de python
Live de Python #92 - Análise de Dados com Pandas - com Inácio Medeiros;20190610;http://youtu.be/zTEJm-Yjjjg;6155;python tutorial, Eduardo Mendes, Live de Python, python3, python2, python 3, %live_de_python%eduardo_mendes%, Python, BDD, Hangouts On Air, data science, #hangoutsonair, #hoa, curso de python, pandas, Programação funcional, matplotlib, python, TDD
Live de Python #91 - Criando documentação com MkDocs - com Allythy;20190527;http://youtu.be/rX8MRsN1N-U;5611;Live de Python, Programação funcional, curso de python, Eduardo Mendes, python, #hangoutsonair, %live_de_python%eduardo_mendes%, TDD, BDD, Python, python tutorial, Hangouts On Air, #hoa, python 3
Live de Python #90 - Introdução ao matplotlib - Gráficos com python;20190520;http://youtu.be/hgrXprOLq6w;5546;%live_de_python%eduardo_mendes%, curso de python, TDD, python tutorial, Eduardo Mendes, Programação funcional, python 3, Python, BDD, Live de Python, python
Live de Python #89 - Click p.2- Desenvolvendo CLIs bonitos e úteis;20190513;http://youtu.be/AHGDbNaHldA;4426;Live de Python, BDD, python tutorial, python 3, Python, TDD, Eduardo Mendes, python, %live_de_python%eduardo_mendes%, Programação funcional, curso de python
Live de Python #88 - Click - Desenvolvendo ferramentas de modo texto;20190506;http://youtu.be/_LnM7pSkmkM;4456;BDD, Eduardo Mendes, python, Programação funcional, curso de python, python tutorial, python 3, Live de Python, TDD, Python, %live_de_python%eduardo_mendes%
Live de Python #87 - Decoradores;20190422;http://youtu.be/5q-qz3GAj5U;5735;Python, %live_de_python%eduardo_mendes%, Live de Python, TDD, BDD, Programação funcional, python 3, python tutorial, python, curso de python, Eduardo Mendes
Live de Python #86 - Iteradores e Geradores;20190415;http://youtu.be/Xj5LlCeW0m0;5198;python, TDD, %live_de_python%eduardo_mendes%, Python, python tutorial, Live de Python, curso de python, python 3, Programação funcional, BDD, Eduardo Mendes
Live de Python #85 - Engenharia de qualidade (QE) - Com Og Maciel;20190408;http://youtu.be/AQzMk0j41S0;5761;Python, %live_de_python%eduardo_mendes%, Live de Python, QE, #hangoutsonair, QA, python tutorial, python, TDD, BDD, #hoa, Eduardo Mendes, Hangouts On Air, curso de python, python 3, Programação funcional
Live de Python #84 -Type Hints e anotações de funções;20190401;http://youtu.be/yEighFc_bZM;5668;Python, TDD, Eduardo Mendes, %live_de_python%eduardo_mendes%, python 3, BDD, python, python tutorial, curso de python, Programação funcional, Live de Python
Live de Python #83 - BDD com python e flask;20190325;http://youtu.be/aX0P5tsiat4;4699;python, %live_de_python%eduardo_mendes%, Live de Python, python tutorial, Python, TDD, BDD, Eduardo Mendes, curso de python, python 3, Programação funcional
Live de Python #82 - Autenticação de uma API Flask;20190318;http://youtu.be/ieGA91ExOH0;4241;Programação funcional, Live de Python, python tutorial, python 3, %live_de_python%eduardo_mendes%, python, BDD, TDD, Eduardo Mendes, curso de python, Python
Live de Python #81 - Testando o que está pronto;20190311;http://youtu.be/jqDxDsRJtAo;4489;curso de python, Programação funcional, python 3, BDD, Eduardo Mendes, python tutorial, TDD, %live_de_python%eduardo_mendes%, Python, python, Live de Python
Live de Python #80 - Melhorando testes de unidade com Faker, Factory boy e Hypothesis;20190225;http://youtu.be/HuZ2Keoc9Hs;5157;TDD, Eduardo Mendes, python 3, Live de Python, BDD, python tutorial, curso de python, Programação funcional, python, Python
Live de Python #79 - Testes de unidade na prática;20190218;http://youtu.be/atvuOV8QWRE;5287;python, curso de python, Programação funcional, python 3, TDD, Python, BDD, Eduardo Mendes, Live de Python, python tutorial
Live de Python #78 - Raspando a web com Scrapy - Com Renne Rocha;20190211;http://youtu.be/5LMG4OCoEn0;6261;TDD, Eduardo Mendes, Programação funcional, Hangouts On Air, Python, #hoa, curso de python, #hangoutsonair, web scrapping, BDD, Live de Python, python tutorial, scrapy, python, python 3
Live de Python #77 - Combinação Explosiva: Processo Seletivo com Just Python - Com Renzo Nuccitelli;20190204;http://youtu.be/OGNUq0w3j9E;8050;#hangoutsonair, Python, TDD, doctest, curso de python, Live de Python, Programação funcional, Hangouts On Air, seletivos, Eduardo Mendes, #hoa, seletivo, python 3, processos, BDD, python, python tutorial
Aulão de flask;20190201;http://youtu.be/XDclLJQVbNQ;7101;TDD, Eduardo Mendes, flask, python, testes, python tutorial, python 3, curso de python, #hangoutsonair, BDD, Python, Hangouts On Air, #hoa, Programação funcional, Live de Python
Live de Python #76 - Testes de unidade p.II - Dublês de teste;20190128;http://youtu.be/mOrsJwY2038;4137;mock, spies, Programação funcional, BDD, dublês de teste, dummies, Python, python tutorial, stub, TDD, mocks, dummy, curso de python, fake, Eduardo Mendes, Live de Python, teste double, spy, python 3, stubs, python, Testes unitários, fakes
Live de Python #75 - Testes de unidade;20190121;http://youtu.be/Sr9lUR1COpU;5177;curso de python, Programação funcional, ciclo de feedback, python, quando testar, xUnit, testes de unidade, por que testar, Arquitetura de testes, testes unitários, python tutorial, pytest, python 3, TDD, unittest, Python, Live de Python, BDD, Eduardo Mendes, testes
Live de Python #74 - Comunidades - Com Letícia Silva;20190107;http://youtu.be/AzS7OVzji8g;4685;#hoa, #hangoutsonair, python, Hangouts On Air, curso de python, Eduardo Mendes, Python, Programação funcional, python 3, python tutorial, Live de Python, BDD, TDD
Live de Python - Especial de fim de ano #2;20181217;http://youtu.be/Al_NzWTL0us;4811;Hangouts On Air, Python, curso de python, Eduardo Mendes, python, #hoa, #hangoutsonair, Live de Python, TDD, BDD, python 3, Programação funcional, python tutorial
Live de Python #73 - import this, tdd e exercícios em python - Com João Lugão;20181112;http://youtu.be/Td8Wbr4Y3bU;4235;#hoa, Live de Python, Testes de software, Hangouts On Air, python tutorial, python 3, #hangoutsonair, curso de python, BDD, TDD, Python, python
Live de Python #72 - Construíndo API REST com Pyramid + Cornice - Com Marcelo Moraes;20181105;http://youtu.be/urxB1ep4hkQ;5128;Testes de software, Hangouts On Air, Live de Python, #hoa, TDD, python, python 3, Python, python tutorial, BDD, curso de python, #hangoutsonair
Live de Python #71 - Resolvendo problemas do Project Euler - com Helio Meira Lins;20181029;http://youtu.be/cloqAaQ-6Go;3755;Python, Testes de software, #hangoutsonair, curso de python, BDD, python tutorial, python 3, Hangouts On Air, python, TDD, Live de Python, #hoa
Live Dojo na PyBr14;20181022;http://youtu.be/OW3hJD0DY5c;6051;python 3, python tutorial, BDD, curso de python, #hangoutsonair, python, Testes de software, Python, Live de Python, TDD, Hangouts On Air, #hoa
Live de Python #70 - Programação orientada a objetos #7 - gerenciamento de atributos;20181015;http://youtu.be/DlGUhJQf6_8;5138;python tutorial, python 3, curso de python, BDD, Live de Python, TDD, Testes de software, python, Python
Live de Python #69 - Programação orientada a objetos #6 - Interfaces e ABCs #2;20181008;http://youtu.be/erAXvsuihPQ;4949;Testes de software, TDD, python 3, Python, python, python tutorial, Live de Python, curso de python, BDD
Live de Python #68 - Programação orientada a objetos #5 - Interfaces e ABCs;20181001;http://youtu.be/yLHV1__nZZw;4440;python tutorial, python, Testes de software, python 3, curso de python, Python, TDD, BDD, Live de Python
Live de Python #67 - Fabricação digital -  Com Luiz Lima;20180924;http://youtu.be/Y3APLjreGps;5675;python tutorial, BDD, Live de Python, TDD, Hangouts On Air, #hangoutsonair, Testes de software, Python, #hoa, curso de python, python 3, python, Live de python
Minha primeira aplicação com flask;20180920;http://youtu.be/9qDTCIY3tK4;11376;python tutorial, Testes de software, BDD, Live de Python, Python, TDD, python 3, python, curso de python
Live de Python #66 - Sockets -  Com Rafael Matsuyama;20180917;http://youtu.be/5fFTk5Dc1VM;4301;TDD, #hangoutsonair, python, Testes de software, Live de Python, curso de python, python 3, Hangouts On Air, sockets, python tutorial, Python, BDD, #hoa
Live de Python #65 - Programação orientada a objetos #4 - Sobrecarga de operadores;20180910;http://youtu.be/XSVvXso_Ukc;4594;Testes de software, TDD, Python, python 3, python, python tutorial, BDD, curso de python, Live de Python
Live de Python #64 - Programação orientada a objetos #3 - Composição e métodos mágicos;20180903;http://youtu.be/MYaXUrmvrho;4384;TDD, python 3, BDD, python tutorial, Testes de software, Python, curso de python, Live de Python, python
Live de Python #63 - Análise de sentimento aplicado no futebol - Cássio Botaro;20180827;http://youtu.be/ywbzwTc51y4;4686;Testes de software, python 3, curso de python, Hangouts On Air, #hoa, Cassio botaro, BDD, TDD, Python, python tutorial, #hangoutsonair, Live de Python, futebol, python
Live de Python #62 - Programação orientada a objetos #2 - Herança e polimorfismo;20180820;http://youtu.be/xWTNoTtA9V8;4644;TDD, OO, Live de Python, BDD, python tutorial, Polimorfismo, python 3, curso de python, Testes de software, Herança, Python, python, OOP
Live de Python #61 - Programação orientada a objetos #1 - Introdução;20180813;http://youtu.be/BALM_oJcJL4;3929;Python, Live de Python, curso de python, python 3, Testes de software, python, orientação a objetos, Iniciante, Python OO, OO, Eduardo Mendes, curso python, iniciante, Python para iniciantes
Live de Python #60 - Exceções;20180806;http://youtu.be/sJpNfZqLpoI;4466;Python, python 3, python tutorial, curso de python, BDD, Live de Python, python, Testes de software, TDD
Live de Python #59 - Objetos assíncronos;20180730;http://youtu.be/GWn2EV5CDNI;4288;python tutorial, python 3, curso de python, Live de Python, BDD, TDD, Testes de software, Python, python
Python funcional - Aula #3 - Despacho, closures e decoradores;20180726;http://youtu.be/9gyf3wDRX78;6366;Live de Python, decoradores, TDD, Hangouts On Air, python, FP, #hangoutsonair, curso de python, singledispatch, PF, closures, #hoa, python tutorial, Testes de software, BDD, python 3, Progrmalçao funcional, Python
Live de Python #58 - Requests assincronos - Multiprocessamento #6;20180723;http://youtu.be/UignQVMdNlw;4127;Python, python 3, TDD, python, BDD, Live de Python, curso de python, Testes de software, python tutorial
Live de Python #57 - Novidades do Python 3.7 - Paulo Scardine;20180716;http://youtu.be/ntdJWYb0NxU;3976;Hangouts On Air, python tutorial, BDD, python, Live de Python, python 3, #hangoutsonair, curso de python, #hoa, Testes de software, Python, TDD
Live de Python #56 - Desenvolvimento web com Python e Flask - Bruno Rocha;20180702;http://youtu.be/i63yIVgb-4Q;7388;python 3, flask, python tutorial, Testes de software, BDD, Live de Python, TDD, python, #hoa, #hangoutsonair, bruno rocha, Hangouts On Air, Python, curso de python
Live de Python #55 - Concorrência com asyncio - Multiprocessamento #5;20180625;http://youtu.be/uaSuaMoYl4M;3617;Live de Python, BDD, TDD, python 3, curso de python, python, Testes de software, Python, python tutorial
Live de Python #54 - Concorrência com futures - Multiprocessamento #4;20180618;http://youtu.be/9-tg03KSp-s;3850;python tutorial, curso de python, Testes de software, TDD, Python, BDD, python 3, Live de Python, python
Live de Python #53 - Usando Processos - Multiprocessamento #3;20180604;http://youtu.be/ANGM6Tjf9zM;4211;TDD, Live de Python, BDD, Python, python tutorial, curso de python, python, Testes de software, python 3
Live de Python #52 - Usando Threads - Multiprocessamento #2;20180528;http://youtu.be/o4Ad8_LjElo;4734;Live de Python, python, curso de python, python tutorial, Python, Testes de software, python 3, TDD, BDD
Live de Python #51 - Introdução a multiprocessamento - Multiprocessamento #1 (parte 2);20180521;http://youtu.be/9HNlmjcOj6s;3465;Python, curso de python, python, TDD, Live de Python, BDD, python tutorial, Testes de software, python 3
Live de Python #51 - Introdução a multiprocessamento - Multiprocessamento #1 (parte 1);20180521;http://youtu.be/BJuO9nLqV2Y;929;Live de Python, python tutorial, python, BDD, python 3, Python, Testes de software, TDD, curso de python
Live de Python #50 - Agendando tarefas com python;20180514;http://youtu.be/FjJ1bClIa-o;4326;python 3, sched, python tutorial, python, curso de python, TDD, live de python, atom, Testes de software, Live de Python, scheduler, BDD, Python
Live de Python #49 - Serializando objetos com pickle e shelve;20180507;http://youtu.be/wuKVLbM2ins;4746;curso de python, python, TDD, Testes de software, python 3, BDD, Python, python tutorial, Live de Python
Live de Python #48 - Criando logs para aplicações;20180430;http://youtu.be/tZ2iJ5H99fg;4990;Live de Python, TDD, python, curso de python, python 3, Python, Testes de software, python tutorial, BDD
Live de Python #47 - Esses dados são viciados? estrelando pandas e scipy.stats (Com Danilo Bellini);20180423;http://youtu.be/UsNH6rBibwg;4936;python, BDD, scypy, Testes de software, Live de Python, TDD, Python, #hoa, curso de python, python tutorial, python 3, #hangoutsonair, pandas, Hangouts On Air
Live de Python #46 - O que aprendi ensinando Python (Especial de aniverário);20180419;http://youtu.be/PYFwz5_vdbQ;4453;Live de Python, Python, python 3, BDD, python, python tutorial, curso de python, Testes de software, TDD
Live de Python #45 - Rows (Com Turicas);20180416;http://youtu.be/ejLTO_J3DB4;4600;live de python, Hangouts On Air, curso de python, #hangoutsonair, python, Live de Python, #hoa, python 3, python tutorial, rows, pdf, turicas, TDD, Testes de software, BDD, Python, scraping
Live de Python #44 - Criando um bot para telegram (Com Rafael Galleani);20180409;http://youtu.be/xljES_-IbLA;4951;live de python, BDD, Telegram, #hoa, bot, python 3, #hangoutsonair, TDD, python tutorial, Python, Live de Python, Hangouts On Air, curso de python, python, Testes de software
Live de Python #43 - Gerenciadores de contexto;20180326;http://youtu.be/fR73UVNXb04;3854;Live de Python, python tutorial, BDD, Python, python 3, TDD, Testes de software, curso de python, python
Live de Python #42 - Testes de mutação com mutpy;20180319;http://youtu.be/wczL0iDtmuw;3729;TDD, tests, mutpy, python tutorial, Python, mutation, Live de Python, BDD, python, python 3, curso de python, Testes de software
Live de Python #41 - Cobertura e testrunners;20180312;http://youtu.be/2B6eSQ7qAeQ;4159;BDD, Live de Python, curso de python, TDD, Testes de software, python 3, Python, python tutorial, python
Live de Python #40 - Análise estática de código (linters);20180305;http://youtu.be/7_eAQ7SeuEg;3850;TDD, curso de python, Live de Python, BDD, Python, python tutorial, python, python 3, Testes de software
Live de Python #39 - Guias de estilo e padronização de código;20180226;http://youtu.be/bqxXWfCrUXs;4365;TDD, BDD, Live de Python, python, python tutorial, Testes de software, Python, curso de python, python 3
Live de Python #38 - Introdução a qualidade de software (Com Flavio Meira);20180219;http://youtu.be/qG-F5tordqc;4577;python tutorial, curso de python, Testes de software, TDD, python, BDD, python 3, Live de Python, Python
Live de Python #37 - Arquivos de configuração com ConfigParser;20180205;http://youtu.be/ujs6oYAeQRc;3601;python, Python, Testes de software, TDD, Live de Python, curso de python, BDD, python 3, python tutorial
Live de Python #36 - Argumentos em linha de comando (Argparse);20180129;http://youtu.be/LwxVscJUapk;3875;python tutorial, python 3, curso de python, BDD, Live de Python, TDD, Testes de software, Python, python
Live de Python #35 - Redes neurais usando a biblioteca padrão (com Felipe Corrêa);20180122;http://youtu.be/GqVQRrE1axw;4185;Live de Python, TDD, #hoa, python 3, Testes de software, python tutorial, BDD, Python, Hangouts On Air, curso de python, redes neurais, python, #hangoutsonair, HOA
Live de Python #34 - Trabalhando com arquivos de texto;20180115;http://youtu.be/sszTUlqAatc;4211;Testes de software, python tutorial, curso de python, python, TDD, Python, BDD, python 3, Live de Python
Live de Python #33 - Python para arquitetos, designers e artistas visuais (Com Alexandre Villares);20180108;http://youtu.be/lAGWXaDcsKU;3841;TDD, Testes de software, #hoa, artes, curso de python, #hangoutsonair, python 3, Live de Python, Python, BDD, python tutorial, Hangouts On Air, Processing, python
Live especial de fim de ano;20171218;http://youtu.be/WlAi00bP7fM;4714;Live de Python, curso de python, TDD, Testes de software, BDD, Hangouts On Air, python 3, python, #hoa, Python, #hangoutsonair, python tutorial
Live de Python #32 collections.abc / Collections #5;20171211;http://youtu.be/YXGrOF1KIKI;4033;python tutorial, python 3, curso de python, BDD, TDD, Eduardo Mendes, python, Live de Python, Testes de software, Python
Live de Python #31 User(Dict|List|String) e collections.abc / Collections #4;20171204;http://youtu.be/gCZyrM-V2pY;4024;curso de python, python, Eduardo Mendes, Python, TDD, Live de Python, BDD, Testes de software, python tutorial, python 3
Live de Python #30 ChainMap / Collections #3;20171127;http://youtu.be/TF6oIYAOlag;3286;python tutorial, Eduardo Mendes, Live de Python, Python, BDD, python 3, curso de python, python, TDD, Testes de software
Live de Python #29 Counter, defaultdict e OrderedDict / Collections #2;20171120;http://youtu.be/3NYHjZwhx-M;3679;BDD, curso de python, Eduardo Mendes, Python, Live de Python, TDD, Testes de software, python 3, python, python tutorial
Live de Python #28 Deque e Namedtuple / Collections #1;20171113;http://youtu.be/ubCNqPNIx5Q;4064;Eduardo Mendes, Python, curso de python, Live de Python, TDD, python 3, python tutorial, Testes de software, BDD, python
Live de Python #27 Baixando arquivos e manipulando datas / Web scraping  #8;20171106;http://youtu.be/XuWyfTAC7Qs;4716;Python, curso de python, Eduardo Mendes, BDD, python, python 3, Testes de software, python tutorial, Live de Python, TDD
Live de Python #26 Scrapy / Web scraping #7 (Com artur Gaspar);20171030;http://youtu.be/rbiKXQSOWIM;4209;Eduardo Mendes, Testes de software, python, python 3, python tutorial, BDD, curso de python, TDD, Python, Live de Python
Live de Python #25 Raspando dados não HTML / Web scraping  #6;20171023;http://youtu.be/Pa4LT83osnY;4284;Python, Testes de software, TDD, python, python tutorial, BDD, Live de Python, python 3, curso de python, Eduardo Mendes
Live de Python #24  Tabelas e persistência / Web scraping  #5;20171016;http://youtu.be/7KCBFTeIpLI;3632;Live de Python, TDD, python 3, Testes de software, python tutorial, BDD, Eduardo Mendes, Python, curso de python, python
Live de Python #23  Tor / DeepWeb / Anonimidade / Web scraping  #4;20171002;http://youtu.be/rKcsV91YIio;3812;python 3, python tutorial, Live de Python, python, Eduardo Mendes, Python, curso de python, web scrapping, scrapping, raspagem de dados, tor, selenium, automação, browser, tutorial, automação de testes
Live de Python #22  Requests / Web scraping  #3;20170925;http://youtu.be/geGjMToK5u8;3788;curso de python, python, Python, Eduardo Mendes, BDD, Testes de software, python tutorial, python 3, TDD, Live de Python
Live de Python #21  selenium + Beautifulsoup / Web scraping  #2;20170918;http://youtu.be/kktO7IOjpgs;4023;python tutorial, Python, python 3, python, Testes de software, Eduardo Mendes, curso de python, Live de Python, web scrapping, web scraping python, Selenium, Beautifulsoup, browser, raspagem de dados com python
Live de Python #20 - Selenium / Web scraping  #1;20170911;http://youtu.be/MlzCElmtrxQ;4083;Live de Python, python 3, python tutorial, Python, Eduardo Mendes, curso de python, Testes de software, python, selenium, selenium python, web scraping, scraping, browser, Automação, automação selenium, selenium browser, webdriver
Live de Python #19 - Expressões regulares;20170904;http://youtu.be/AT17Ht87UKI;3741;BDD, python, Python, Testes de software, Live de Python, python tutorial, TDD, Eduardo Mendes, curso de python, python 3
Live de Python #18 - Compreesão de containers e geradores;20170821;http://youtu.be/Axbiz2q2iPA;3820;python 3, Testes de software, curso de python, Eduardo Mendes, python, BDD, TDD, Live de Python, python tutorial, Python
Live de Python #17 - Tipos de containers e suas funcionalidades;20170814;http://youtu.be/cfmV8NUzAhw;4223;Python, python tutorial, python 3, TDD, python, Testes de software, curso de python, BDD, Eduardo Mendes, Live de Python
Live de Python #16 - Manipulação de arquivos e diretórios;20170807;http://youtu.be/8cNpLnH1dsU;3924;python 3, python, Testes de software, Live de Python, Python, curso de python, TDD, Eduardo Mendes, python tutorial, BDD
Live de Python #15 - Comunicação entre Threads (Event e Queue);20170731;http://youtu.be/8vfU84RKbTQ;3805;Eduardo Mendes, python tutorial, BDD, python, Live de Python, python 3, curso de python, Testes de software, Python, TDD
Live de Python #14 - Threads;20170724;http://youtu.be/rwkIPIHwIYY;3881;python tutorial, Python, curso de python, python 3, Testes de software, TDD, Live de Python, python, Eduardo Mendes, BDD
Live de Python #13 - Objetos e métodos especiais (dunders);20170717;http://youtu.be/syctPjStwQU;3612;curso de python, python, Testes de software, python 3, BDD, Eduardo Mendes, TDD, Python, python tutorial, Live de Python
Live de Python #12 - Criando uma API rest com bottle + SQLAlachemy core;20170710;http://youtu.be/DJLho_ZdaII;4276;python 3, python tutorial, BDD, curso de python, Eduardo Mendes, Python, Testes de software, python, Live de Python, TDD
Live de Python #11 - Abstraindo seu banco de dados com SQLAlchemy (core);20170703;http://youtu.be/rBIksyGY4_E;3482;python, Live de Python, python tutorial, Python, TDD, BDD, Eduardo Mendes, curso de python, python 3, Testes de software
Live de Python #10 - Testando comportamento com Python + Behave Parte 2;20170626;http://youtu.be/9EvoggLUp1E;4589;Python, TDD, Live de Python, Eduardo Mendes, curso de python, python, BDD, python tutorial, Testes de software, python 3
Live de Python #10 - Testando comportamento com Python + Behave Parte 1;20170626;http://youtu.be/ReELqf9B86g;975;TDD, Live de Python, python tutorial, curso de python, python 3, Testes de software, python, Eduardo Mendes, BDD, Python
Live de Python #9 - Bottle - Microframework web;20170619;http://youtu.be/WZjOOlrbjUA;4650;Python, Live de Python, python, Bottle, web, api, tutorial
Live de Python #8 - CRUD com SQLite3;20170612;http://youtu.be/2WUo5tD-eIA;4237;curso de python, sqlite3, python, python tutorial, Live de Python, banco de dados, Python, relacional, CRUD
Live de Python #7 - Classes, tipos e objetos;20170607;http://youtu.be/UHe49ASt5kg;4394;Python, objetos, tipos, python tutorial, curso de python, classes, python 3, Live de Python
Live de Python #6 - Funções, closures e decoradores em Python;20170531;http://youtu.be/TaZGQXWFsf4;5099;Live de Python, closures, curso de python, funções, python, Eduardo Mendes, decoradores
Live de Python #5 - Usando o Python debugger;20170524;http://youtu.be/7GnHDfV6KQ8;3985;python, pdb, Python, python tutorial, Live de Python, curso de python, debugger
Live de Python #4 - Testes com Python [Testando Unidades] parte 2;20170517;http://youtu.be/gQyUxKxUaEw;4353;Eduardo Mendes, BDD, Python, TDD, python, live de quarta, python tutorial, Live de Python, decorators, unittest, Testes de software, python 3, curso de python
Live de Python #3 - Uma introdução ao Django com Andre Machado;20170510;http://youtu.be/KZJa8rQecGc;4015;Live de Python, python tutorial, Eduardo Mendes, Django, Introdução, python
Live de Python #2 - Testes com Python [Testando Unidades] parte 1;20170503;http://youtu.be/_Z8mUxORh0g;5307;python tutorial, Testes de software, python 3, curso de python, TDD, Python, Live de Python, unittest, python, live de quarta, BDD, Testes, Eduardo Mendes
Live de Python #1 - Testes com Python [Uma introdução geral];20170426;http://youtu.be/5hL9T3jintE;7796;Testes de software, curso de python, python 3, Selenium, python, python tutorial, BDD, Python, unittests, Testes funcionais, Testes unitários, Eduardo Mendes, Live de Python, TDD
Live de Python #Beta;20170419;http://youtu.be/mDWuZCI6AqM;4400;Testes de software, Python, Live de Python, TDD, Eduardo Mendes, python, python tutorial, python 3, curso de python, BDD
